{
    "search-params": {
        "date": "29/05/2022 17:29:48",
        "execution-time": 30.9,
        "sites-number": 73,
        "username": "example"
    },
    "sites": [
        {
            "app": "Facebook",
            "error-message": null,
            "id": 1,
            "response-status": "200 OK",
            "status": "FOUND",
            "url": "https://www.facebook.com/example"
        },
        {
            "app": "YouTube",
            "error-message": null,
            "id": 2,
            "response-status": "200 OK",
            "status": "FOUND",
            "url": "https://www.youtube.com/user/example/videos"
        },
        {
            "app": "Twitter",
            "error-message": null,
            "id": 3,
            "response-status": "200 OK",
            "status": "FOUND",
            "url": "https://nitter.net/example"
        },
        {
            "app": "Telegram",
            "error-message": null,
            "id": 4,
            "response-status": "200 OK",
            "status": "FOUND",
            "url": "https://t.me/example"
        },
        {
            "app": "TikTok",
            "error-message": "TimeoutError()",
            "id": 5,
            "response-status": null,
            "status": "ERROR",
            "url": "https://www.tiktok.com/@example"
        },
        {
            "app": "Tinder",
            "error-message": null,
            "id": 6,
            "response-status": "200 OK",
            "status": "FOUND",
            "url": "https://tinder.com/@example"
        },
        {
            "app": "Instagram",
            "error-message": null,
            "id": 7,
            "response-status": "200 OK",
            "status": "FOUND",
            "url": "https://www.picuki.com/profile/example"
        },
        {
            "app": "Pinterest",
            "error-message": null,
            "id": 8,
            "response-status": "200 OK",
            "status": "FOUND",
            "url": "https://pinterest.com/example/"
        },
        {
            "app": "Snapchat",
            "error-message": null,
            "id": 9,
            "response-status": "200 OK",
            "status": "NOT FOUND",
            "url": "https://feelinsonice.appspot.com/web/deeplink/snapcode?username=example&size=400&type=SVG"
        },
        {
            "app": "Reddit",
            "error-message": null,
            "id": 10,
            "response-status": "200 OK",
            "status": "FOUND",
            "url": "https://www.reddit.com/user/example/about.json"
        },
        {
            "app": "Soundcloud",
            "error-message": null,
            "id": 11,
            "response-status": "200 OK",
            "status": "FOUND",
            "url": "https://soundcloud.com/example"
        },
        {
            "app": "Github",
            "error-message": null,
            "id": 12,
            "response-status": "200 OK",
            "status": "FOUND",
            "url": "https://github.com/example"
        },
        {
            "app": "Steam",
            "error-message": null,
            "id": 13,
            "response-status": "200 OK",
            "status": "FOUND",
            "url": "https://steamcommunity.com/id/example/"
        },
        {
            "app": "Linktree",
            "error-message": null,
            "id": 14,
            "response-status": "200 OK",
            "status": "FOUND",
            "url": "https://linktr.ee/example"
        },
        {
            "app": "Xbox Gamertag",
            "error-message": null,
            "id": 15,
            "response-status": "200 OK",
            "status": "FOUND",
            "url": "https://www.xboxgamertag.com/search/example"
        },
        {
            "app": "Twitter Archived",
            "error-message": null,
            "id": 16,
            "response-status": "200 OK",
            "status": "FOUND",
            "url": "http://archive.org/wayback/available?url=https://twitter.com/example"
        },
        {
            "app": "Xvideos",
            "error-message": null,
            "id": 17,
            "response-status": "200 OK",
            "status": "FOUND",
            "url": "https://www.xvideos.com/profiles/example"
        },
        {
            "app": "PornHub",
            "error-message": null,
            "id": 18,
            "response-status": "200 OK",
            "status": "FOUND",
            "url": "https://www.pornhub.com/users/example"
        },
        {
            "app": "Xhamster",
            "error-message": null,
            "id": 19,
            "response-status": "200 OK",
            "status": "FOUND",
            "url": "https://xhamster.com/users/example"
        },
        {
            "app": "Periscope",
            "error-message": null,
            "id": 20,
            "response-status": "200 OK",
            "status": "FOUND",
            "url": "https://www.periscope.tv/example"
        },
        {
            "app": "Ask FM",
            "error-message": null,
            "id": 21,
            "response-status": "200 OK",
            "status": "FOUND",
            "url": "https://ask.fm/example"
        },
        {
            "app": "Vimeo",
            "error-message": null,
            "id": 22,
            "response-status": "200 OK",
            "status": "FOUND",
            "url": "https://vimeo.com/example"
        },
        {
            "app": "Twitch",
            "error-message": null,
            "id": 23,
            "response-status": "200 OK",
            "status": "NOT FOUND",
            "url": "https://www.twitch.tv/example"
        },
        {
            "app": "Pastebin",
            "error-message": null,
            "id": 24,
            "response-status": "200 OK",
            "status": "FOUND",
            "url": "https://pastebin.com/u/example"
        },
        {
            "app": "WordPress Profile",
            "error-message": null,
            "id": 25,
            "response-status": "200 OK",
            "status": "FOUND",
            "url": "https://profiles.wordpress.org/example/"
        },
        {
            "app": "WordPress Site",
            "error-message": null,
            "id": 26,
            "response-status": "200 OK",
            "status": "FOUND",
            "url": "https://example.wordpress.com/"
        },
        {
            "app": "AllMyLinks",
            "error-message": null,
            "id": 27,
            "response-status": "200 OK",
            "status": "FOUND",
            "url": "https://allmylinks.com/example"
        },
        {
            "app": "Buzzfeed",
            "error-message": null,
            "id": 28,
            "response-status": "200 OK",
            "status": "FOUND",
            "url": "https://www.buzzfeed.com/example"
        },
        {
            "app": "JsFiddle",
            "error-message": null,
            "id": 29,
            "response-status": "200 OK",
            "status": "FOUND",
            "url": "https://jsfiddle.net/user/example/"
        },
        {
            "app": "Sourceforge",
            "error-message": null,
            "id": 30,
            "response-status": "200 OK",
            "status": "FOUND",
            "url": "https://sourceforge.net/u/example/profile"
        },
        {
            "app": "Kickstarter",
            "error-message": null,
            "id": 31,
            "response-status": "404 Not Found",
            "status": "NOT FOUND",
            "url": "https://www.kickstarter.com/profile/example"
        },
        {
            "app": "Smule",
            "error-message": null,
            "id": 32,
            "response-status": "200 OK",
            "status": "FOUND",
            "url": "https://www.smule.com/example"
        },
        {
            "app": "Blogspot",
            "error-message": null,
            "id": 33,
            "response-status": "200 OK",
            "status": "FOUND",
            "url": "https://example.blogspot.com/"
        },
        {
            "app": "Tradingview",
            "error-message": null,
            "id": 34,
            "response-status": "200 OK",
            "status": "FOUND",
            "url": "https://www.tradingview.com/u/example/"
        },
        {
            "app": "Internet Archive",
            "error-message": null,
            "id": 35,
            "response-status": "503 Service Unavailable",
            "status": "FOUND",
            "url": "https://archive.org/details/@example"
        },
        {
            "app": "Alura",
            "error-message": null,
            "id": 36,
            "response-status": "404 ",
            "status": "NOT FOUND",
            "url": "https://cursos.alura.com.br/user/example"
        },
        {
            "app": "Behance",
            "error-message": null,
            "id": 37,
            "response-status": "200 OK",
            "status": "FOUND",
            "url": "https://www.behance.net/example/moodboards"
        },
        {
            "app": "MySpace",
            "error-message": null,
            "id": 38,
            "response-status": "200 OK",
            "status": "FOUND",
            "url": "https://myspace.com/example"
        },
        {
            "app": "Disqus",
            "error-message": null,
            "id": 39,
            "response-status": "200 OK",
            "status": "FOUND",
            "url": "https://disqus.com/by/example/"
        },
        {
            "app": "Slideshare",
            "error-message": null,
            "id": 40,
            "response-status": "200 OK",
            "status": "FOUND",
            "url": "https://www.slideshare.net/example"
        },
        {
            "app": "Rumble",
            "error-message": null,
            "id": 41,
            "response-status": "200 OK",
            "status": "FOUND",
            "url": "https://rumble.com/user/example"
        },
        {
            "app": "Ebay",
            "error-message": "TimeoutError()",
            "id": 42,
            "response-status": null,
            "status": "ERROR",
            "url": "https://www.ebay.com/usr/example"
        },
        {
            "app": "RedBubble",
            "error-message": null,
            "id": 43,
            "response-status": "200 OK",
            "status": "FOUND",
            "url": "https://www.redbubble.com/people/example/shop?asc=u"
        },
        {
            "app": "Kik",
            "error-message": null,
            "id": 44,
            "response-status": "200 OK",
            "status": "FOUND",
            "url": "https://ws2.kik.com/user/example"
        },
        {
            "app": "Roblox",
            "error-message": null,
            "id": 45,
            "response-status": "200 OK",
            "status": "FOUND",
            "url": "https://auth.roblox.com/v1/usernames/validate?username=example&birthday=2019-12-31T23:00:00.000Z"
        },
        {
            "app": "Armor Games",
            "error-message": null,
            "id": 46,
            "response-status": "200 OK",
            "status": "FOUND",
            "url": "https://armorgames.com/user/example"
        },
        {
            "app": "Fortnite Tracker",
            "error-message": null,
            "id": 47,
            "response-status": "200 OK",
            "status": "FOUND",
            "url": "https://fortnitetracker.com/profile/all/example"
        },
        {
            "app": "Duolingo",
            "error-message": null,
            "id": 48,
            "response-status": "200 OK",
            "status": "FOUND",
            "url": "https://www.duolingo.com/2017-06-30/users?username=example&_=1628308619574"
        },
        {
            "app": "Chess",
            "error-message": null,
            "id": 49,
            "response-status": "200 OK",
            "status": "FOUND",
            "url": "https://www.chess.com/member/example"
        },
        {
            "app": "Shopify",
            "error-message": null,
            "id": 50,
            "response-status": "200 OK",
            "status": "FOUND",
            "url": "https://example.myshopify.com/"
        },
        {
            "app": "Untappd",
            "error-message": null,
            "id": 51,
            "response-status": "200 OK",
            "status": "FOUND",
            "url": "https://untappd.com/user/example/"
        },
        {
            "app": "Last FM",
            "error-message": null,
            "id": 52,
            "response-status": "200 OK",
            "status": "FOUND",
            "url": "https://www.last.fm/user/example"
        },
        {
            "app": "Cash APP",
            "error-message": null,
            "id": 53,
            "response-status": "200 OK",
            "status": "FOUND",
            "url": "https://cash.app/$example"
        },
        {
            "app": "Imgur",
            "error-message": null,
            "id": 54,
            "response-status": "200 OK",
            "status": "FOUND",
            "url": "https://api.imgur.com/account/v1/accounts/example?client_id=546c25a59c58ad7&include=trophies%2Cmedallions"
        },
        {
            "app": "Trello",
            "error-message": null,
            "id": 55,
            "response-status": "404 Not Found",
            "status": "NOT FOUND",
            "url": "https://trello.com/1/Members/example?fields=activityBlocked%2CavatarUrl%2Cbio%2CbioData%2Cconfirmed%2CfullName%2CidEnterprise%2CidMemberReferrer%2Cinitials%2CmemberType%2CnonPublic%2Cproducts%2Curl%2Cusername"
        },
        {
            "app": "MCUUID Minecraft",
            "error-message": null,
            "id": 56,
            "response-status": "200 OK",
            "status": "FOUND",
            "url": "https://playerdb.co/api/player/minecraft/example"
        },
        {
            "app": "Patreon",
            "error-message": null,
            "id": 57,
            "response-status": "200 OK",
            "status": "FOUND",
            "url": "https://www.patreon.com/example"
        },
        {
            "app": "DockerHub",
            "error-message": null,
            "id": 58,
            "response-status": "200 OK",
            "status": "FOUND",
            "url": "https://hub.docker.com/v2/users/example/"
        },
        {
            "app": "Kongregate",
            "error-message": null,
            "id": 59,
            "response-status": "200 OK",
            "status": "FOUND",
            "url": "https://www.kongregate.com/accounts/example"
        },
        {
            "app": "Vine",
            "error-message": null,
            "id": 60,
            "response-status": "502 BAD GATEWAY",
            "status": "NOT FOUND",
            "url": "https://vine.co/api/users/profiles/vanity/example"
        },
        {
            "app": "Gamespot",
            "error-message": null,
            "id": 61,
            "response-status": "404 Not Found",
            "status": "NOT FOUND",
            "url": "https://www.gamespot.com/profile/example/"
        },
        {
            "app": "Shutterstock",
            "error-message": null,
            "id": 62,
            "response-status": "404 Not Found",
            "status": "NOT FOUND",
            "url": "https://www.shutterstock.com/pt/g/example/about"
        },
        {
            "app": "Chaturbate",
            "error-message": null,
            "id": 63,
            "response-status": "200 OK",
            "status": "FOUND",
            "url": "https://chaturbate.com/example/"
        },
        {
            "app": "ProtonMail",
            "error-message": null,
            "id": 64,
            "response-status": "409 Conflict",
            "status": "FOUND",
            "url": "https://account.protonmail.com/api/users/available?Name=example"
        },
        {
            "app": "TripAdvisor",
            "error-message": "TimeoutError()",
            "id": 65,
            "response-status": null,
            "status": "ERROR",
            "url": "https://www.tripadvisor.com/Profile/example"
        },
        {
            "app": "RapidAPI",
            "error-message": null,
            "id": 66,
            "response-status": "200 OK",
            "status": "FOUND",
            "url": "https://rapidapi.com/user/example"
        },
        {
            "app": "HackTheBox",
            "error-message": null,
            "id": 67,
            "response-status": "200 OK",
            "status": "FOUND",
            "url": "https://www.hackthebox.com/api/v4/register/check"
        },
        {
            "app": "Wikipedia",
            "error-message": null,
            "id": 68,
            "response-status": "200 OK",
            "status": "FOUND",
            "url": "https://en.wikipedia.org/w/api.php?action=query&format=json&list=users&ususers=example&usprop=cancreate&formatversion=2&errorformat=html&errorsuselocal=true&uselang=en"
        },
        {
            "app": "Buymeacoffe",
            "error-message": null,
            "id": 69,
            "response-status": "404 Not Found",
            "status": "NOT FOUND",
            "url": "https://www.buymeacoffee.com/example"
        },
        {
            "app": "Arduino",
            "error-message": null,
            "id": 70,
            "response-status": "404 Not Found",
            "status": "NOT FOUND",
            "url": "https://create.arduino.cc/projecthub/example"
        },
        {
            "app": "League of Legends Tracker",
            "error-message": null,
            "id": 71,
            "response-status": "200 OK",
            "status": "FOUND",
            "url": "https://tracker.gg/lol/profile/riot/NA/example/overview"
        },
        {
            "app": "Lego Ideas",
            "error-message": null,
            "id": 72,
            "response-status": "200 OK",
            "status": "FOUND",
            "url": "https://ideas.lego.com/profile/example/entries?query=&sort=top"
        },
        {
            "app": "Fiverr",
            "error-message": null,
            "id": 73,
            "response-status": "200 OK",
            "status": "FOUND",
            "url": "https://www.fiverr.com/example"
        }
    ]
}